{
    "vectorizer_features": 10000,
    "class_distribution": {
        "ham": 4825,
        "spam": 4825
    },
    "evaluation_metrics": {
        "accuracy": 0.9994818652849741,
        "precision": 1.0,
        "recall": 0.9989637305699481
    }
}